--------------------------------------------------------
--  File created - Friday-April-10-2026   
--------------------------------------------------------
DROP SEQUENCE "VEHICULOS_SEQ";
DROP TABLE "ASISTENCIA";
DROP TABLE "AULA";
DROP TABLE "DOCENTE";
DROP TABLE "ESTUDIANTE";
DROP TABLE "EVALUACION";
DROP TABLE "HORARIO";
DROP TABLE "INSCRIPCION";
DROP TABLE "MATERIA";
DROP TABLE "MATERIAL_DIDACTICO";
DROP TABLE "PAGO";
DROP PROCEDURE "SUMA";
DROP PACKAGE "PAQ";
DROP PACKAGE BODY "PAQ";
DROP FUNCTION "PRODUCTO";
--------------------------------------------------------
--  DDL for Sequence VEHICULOS_SEQ
--------------------------------------------------------

   CREATE SEQUENCE  "VEHICULOS_SEQ"  MINVALUE 1 MAXVALUE 9999999999999999999999999999 INCREMENT BY 1 START WITH 22 CACHE 20 NOORDER  NOCYCLE  NOKEEP  NOSCALE  GLOBAL ;
--------------------------------------------------------
--  DDL for Table ASISTENCIA
--------------------------------------------------------

  CREATE TABLE "ASISTENCIA" 
   (	"ASISTENCIA_ID" NUMBER, 
	"ESTUDIANTE_ID" NUMBER, 
	"MATERIA_ID" NUMBER, 
	"FECHA" DATE, 
	"ESTADO" VARCHAR2(15 BYTE)
   ) SEGMENT CREATION IMMEDIATE 
  PCTFREE 10 PCTUSED 40 INITRANS 1 MAXTRANS 255 
 NOCOMPRESS LOGGING
  STORAGE(INITIAL 65536 NEXT 1048576 MINEXTENTS 1 MAXEXTENTS 2147483645
  PCTINCREASE 0 FREELISTS 1 FREELIST GROUPS 1
  BUFFER_POOL DEFAULT FLASH_CACHE DEFAULT CELL_FLASH_CACHE DEFAULT)
  TABLESPACE "USERS" ;
--------------------------------------------------------
--  DDL for Table AULA
--------------------------------------------------------

  CREATE TABLE "AULA" 
   (	"AULA_ID" NUMBER, 
	"EDIFICIO" VARCHAR2(50 BYTE), 
	"PISO" NUMBER, 
	"CAPACIDAD" NUMBER
   ) SEGMENT CREATION IMMEDIATE 
  PCTFREE 10 PCTUSED 40 INITRANS 1 MAXTRANS 255 
 NOCOMPRESS LOGGING
  STORAGE(INITIAL 65536 NEXT 1048576 MINEXTENTS 1 MAXEXTENTS 2147483645
  PCTINCREASE 0 FREELISTS 1 FREELIST GROUPS 1
  BUFFER_POOL DEFAULT FLASH_CACHE DEFAULT CELL_FLASH_CACHE DEFAULT)
  TABLESPACE "USERS" ;
--------------------------------------------------------
--  DDL for Table DOCENTE
--------------------------------------------------------

  CREATE TABLE "DOCENTE" 
   (	"DOCENTE_ID" NUMBER, 
	"NOMBRE" VARCHAR2(50 BYTE), 
	"APELLIDO" VARCHAR2(50 BYTE), 
	"ESPECIALIDAD" VARCHAR2(50 BYTE), 
	"EMAIL" VARCHAR2(100 BYTE)
   ) SEGMENT CREATION IMMEDIATE 
  PCTFREE 10 PCTUSED 40 INITRANS 1 MAXTRANS 255 
 NOCOMPRESS LOGGING
  STORAGE(INITIAL 65536 NEXT 1048576 MINEXTENTS 1 MAXEXTENTS 2147483645
  PCTINCREASE 0 FREELISTS 1 FREELIST GROUPS 1
  BUFFER_POOL DEFAULT FLASH_CACHE DEFAULT CELL_FLASH_CACHE DEFAULT)
  TABLESPACE "USERS" ;
--------------------------------------------------------
--  DDL for Table ESTUDIANTE
--------------------------------------------------------

  CREATE TABLE "ESTUDIANTE" 
   (	"ESTUDIANTE_ID" NUMBER, 
	"NOMBRE" VARCHAR2(100 BYTE), 
	"CARRERA" VARCHAR2(50 BYTE), 
	"CORREO" VARCHAR2(100 BYTE)
   ) SEGMENT CREATION IMMEDIATE 
  PCTFREE 10 PCTUSED 40 INITRANS 1 MAXTRANS 255 
 NOCOMPRESS LOGGING
  STORAGE(INITIAL 65536 NEXT 1048576 MINEXTENTS 1 MAXEXTENTS 2147483645
  PCTINCREASE 0 FREELISTS 1 FREELIST GROUPS 1
  BUFFER_POOL DEFAULT FLASH_CACHE DEFAULT CELL_FLASH_CACHE DEFAULT)
  TABLESPACE "USERS" ;
--------------------------------------------------------
--  DDL for Table EVALUACION
--------------------------------------------------------

  CREATE TABLE "EVALUACION" 
   (	"EVALUACION_ID" NUMBER, 
	"MATERIA_ID" NUMBER, 
	"TIPO_EVALUACION" VARCHAR2(50 BYTE), 
	"PONDERACION" NUMBER(5,2), 
	"FECHA_EVALUACION" DATE
   ) SEGMENT CREATION IMMEDIATE 
  PCTFREE 10 PCTUSED 40 INITRANS 1 MAXTRANS 255 
 NOCOMPRESS LOGGING
  STORAGE(INITIAL 65536 NEXT 1048576 MINEXTENTS 1 MAXEXTENTS 2147483645
  PCTINCREASE 0 FREELISTS 1 FREELIST GROUPS 1
  BUFFER_POOL DEFAULT FLASH_CACHE DEFAULT CELL_FLASH_CACHE DEFAULT)
  TABLESPACE "USERS" ;
--------------------------------------------------------
--  DDL for Table HORARIO
--------------------------------------------------------

  CREATE TABLE "HORARIO" 
   (	"HORARIO_ID" NUMBER, 
	"MATERIA_ID" NUMBER, 
	"AULA_ID" NUMBER, 
	"DIA_SEMANA" VARCHAR2(20 BYTE), 
	"HORA_INICIO" VARCHAR2(5 BYTE), 
	"HORA_FIN" VARCHAR2(5 BYTE)
   ) SEGMENT CREATION IMMEDIATE 
  PCTFREE 10 PCTUSED 40 INITRANS 1 MAXTRANS 255 
 NOCOMPRESS LOGGING
  STORAGE(INITIAL 65536 NEXT 1048576 MINEXTENTS 1 MAXEXTENTS 2147483645
  PCTINCREASE 0 FREELISTS 1 FREELIST GROUPS 1
  BUFFER_POOL DEFAULT FLASH_CACHE DEFAULT CELL_FLASH_CACHE DEFAULT)
  TABLESPACE "USERS" ;
--------------------------------------------------------
--  DDL for Table INSCRIPCION
--------------------------------------------------------

  CREATE TABLE "INSCRIPCION" 
   (	"INSCRIPCION_ID" NUMBER, 
	"ESTUDIANTE_ID" NUMBER, 
	"MATERIA_ID" NUMBER, 
	"FECHA_INSCRIPCION" DATE, 
	"NOTA" NUMBER(5,2)
   ) SEGMENT CREATION IMMEDIATE 
  PCTFREE 10 PCTUSED 40 INITRANS 1 MAXTRANS 255 
 NOCOMPRESS LOGGING
  STORAGE(INITIAL 65536 NEXT 1048576 MINEXTENTS 1 MAXEXTENTS 2147483645
  PCTINCREASE 0 FREELISTS 1 FREELIST GROUPS 1
  BUFFER_POOL DEFAULT FLASH_CACHE DEFAULT CELL_FLASH_CACHE DEFAULT)
  TABLESPACE "USERS" ;
--------------------------------------------------------
--  DDL for Table MATERIA
--------------------------------------------------------

  CREATE TABLE "MATERIA" 
   (	"MATERIA_ID" NUMBER, 
	"NOMBRE" VARCHAR2(100 BYTE), 
	"CREDITOS" NUMBER, 
	"DOCENTE_ID" NUMBER
   ) SEGMENT CREATION IMMEDIATE 
  PCTFREE 10 PCTUSED 40 INITRANS 1 MAXTRANS 255 
 NOCOMPRESS LOGGING
  STORAGE(INITIAL 65536 NEXT 1048576 MINEXTENTS 1 MAXEXTENTS 2147483645
  PCTINCREASE 0 FREELISTS 1 FREELIST GROUPS 1
  BUFFER_POOL DEFAULT FLASH_CACHE DEFAULT CELL_FLASH_CACHE DEFAULT)
  TABLESPACE "USERS" ;
--------------------------------------------------------
--  DDL for Table MATERIAL_DIDACTICO
--------------------------------------------------------

  CREATE TABLE "MATERIAL_DIDACTICO" 
   (	"MATERIAL_ID" NUMBER, 
	"MATERIA_ID" NUMBER, 
	"TITULO" VARCHAR2(100 BYTE), 
	"TIPO_ARCHIVO" VARCHAR2(10 BYTE), 
	"FECHA_SUBIDA" DATE
   ) SEGMENT CREATION IMMEDIATE 
  PCTFREE 10 PCTUSED 40 INITRANS 1 MAXTRANS 255 
 NOCOMPRESS LOGGING
  STORAGE(INITIAL 65536 NEXT 1048576 MINEXTENTS 1 MAXEXTENTS 2147483645
  PCTINCREASE 0 FREELISTS 1 FREELIST GROUPS 1
  BUFFER_POOL DEFAULT FLASH_CACHE DEFAULT CELL_FLASH_CACHE DEFAULT)
  TABLESPACE "USERS" ;
--------------------------------------------------------
--  DDL for Table PAGO
--------------------------------------------------------

  CREATE TABLE "PAGO" 
   (	"PAGO_ID" NUMBER, 
	"ESTUDIANTE_ID" NUMBER, 
	"MONTO" NUMBER(8,2), 
	"FECHA_PAGO" DATE, 
	"METODO_PAGO" VARCHAR2(30 BYTE)
   ) SEGMENT CREATION IMMEDIATE 
  PCTFREE 10 PCTUSED 40 INITRANS 1 MAXTRANS 255 
 NOCOMPRESS LOGGING
  STORAGE(INITIAL 65536 NEXT 1048576 MINEXTENTS 1 MAXEXTENTS 2147483645
  PCTINCREASE 0 FREELISTS 1 FREELIST GROUPS 1
  BUFFER_POOL DEFAULT FLASH_CACHE DEFAULT CELL_FLASH_CACHE DEFAULT)
  TABLESPACE "USERS" ;
REM INSERTING into ASISTENCIA
SET DEFINE OFF;
Insert into ASISTENCIA (ASISTENCIA_ID,ESTUDIANTE_ID,MATERIA_ID,FECHA,ESTADO) values (1,1,1,to_date('01-FEB-25','DD-MON-RR'),'Presente');
Insert into ASISTENCIA (ASISTENCIA_ID,ESTUDIANTE_ID,MATERIA_ID,FECHA,ESTADO) values (2,2,6,to_date('01-FEB-25','DD-MON-RR'),'Presente');
Insert into ASISTENCIA (ASISTENCIA_ID,ESTUDIANTE_ID,MATERIA_ID,FECHA,ESTADO) values (3,3,2,to_date('02-FEB-25','DD-MON-RR'),'Ausente');
Insert into ASISTENCIA (ASISTENCIA_ID,ESTUDIANTE_ID,MATERIA_ID,FECHA,ESTADO) values (4,4,3,to_date('02-FEB-25','DD-MON-RR'),'Retraso');
Insert into ASISTENCIA (ASISTENCIA_ID,ESTUDIANTE_ID,MATERIA_ID,FECHA,ESTADO) values (5,5,8,to_date('03-FEB-25','DD-MON-RR'),'Presente');
Insert into ASISTENCIA (ASISTENCIA_ID,ESTUDIANTE_ID,MATERIA_ID,FECHA,ESTADO) values (6,6,7,to_date('03-FEB-25','DD-MON-RR'),'Presente');
Insert into ASISTENCIA (ASISTENCIA_ID,ESTUDIANTE_ID,MATERIA_ID,FECHA,ESTADO) values (7,7,4,to_date('04-FEB-25','DD-MON-RR'),'Presente');
Insert into ASISTENCIA (ASISTENCIA_ID,ESTUDIANTE_ID,MATERIA_ID,FECHA,ESTADO) values (8,8,9,to_date('04-FEB-25','DD-MON-RR'),'Ausente');
Insert into ASISTENCIA (ASISTENCIA_ID,ESTUDIANTE_ID,MATERIA_ID,FECHA,ESTADO) values (9,9,10,to_date('05-FEB-25','DD-MON-RR'),'Presente');
Insert into ASISTENCIA (ASISTENCIA_ID,ESTUDIANTE_ID,MATERIA_ID,FECHA,ESTADO) values (10,10,5,to_date('05-FEB-25','DD-MON-RR'),'Retraso');
Insert into ASISTENCIA (ASISTENCIA_ID,ESTUDIANTE_ID,MATERIA_ID,FECHA,ESTADO) values (11,11,13,to_date('06-FEB-25','DD-MON-RR'),'Presente');
Insert into ASISTENCIA (ASISTENCIA_ID,ESTUDIANTE_ID,MATERIA_ID,FECHA,ESTADO) values (12,12,6,to_date('06-FEB-25','DD-MON-RR'),'Presente');
Insert into ASISTENCIA (ASISTENCIA_ID,ESTUDIANTE_ID,MATERIA_ID,FECHA,ESTADO) values (13,13,8,to_date('07-FEB-25','DD-MON-RR'),'Ausente');
Insert into ASISTENCIA (ASISTENCIA_ID,ESTUDIANTE_ID,MATERIA_ID,FECHA,ESTADO) values (14,14,17,to_date('07-FEB-25','DD-MON-RR'),'Presente');
Insert into ASISTENCIA (ASISTENCIA_ID,ESTUDIANTE_ID,MATERIA_ID,FECHA,ESTADO) values (15,15,15,to_date('08-FEB-25','DD-MON-RR'),'Presente');
Insert into ASISTENCIA (ASISTENCIA_ID,ESTUDIANTE_ID,MATERIA_ID,FECHA,ESTADO) values (16,16,14,to_date('08-FEB-25','DD-MON-RR'),'Retraso');
Insert into ASISTENCIA (ASISTENCIA_ID,ESTUDIANTE_ID,MATERIA_ID,FECHA,ESTADO) values (17,17,19,to_date('09-FEB-25','DD-MON-RR'),'Presente');
Insert into ASISTENCIA (ASISTENCIA_ID,ESTUDIANTE_ID,MATERIA_ID,FECHA,ESTADO) values (18,18,20,to_date('09-FEB-25','DD-MON-RR'),'Presente');
Insert into ASISTENCIA (ASISTENCIA_ID,ESTUDIANTE_ID,MATERIA_ID,FECHA,ESTADO) values (19,19,18,to_date('10-FEB-25','DD-MON-RR'),'Ausente');
Insert into ASISTENCIA (ASISTENCIA_ID,ESTUDIANTE_ID,MATERIA_ID,FECHA,ESTADO) values (20,20,16,to_date('10-FEB-25','DD-MON-RR'),'Presente');
REM INSERTING into AULA
SET DEFINE OFF;
Insert into AULA (AULA_ID,EDIFICIO,PISO,CAPACIDAD) values (1,'Pabellón A',1,40);
Insert into AULA (AULA_ID,EDIFICIO,PISO,CAPACIDAD) values (2,'Pabellón A',1,40);
Insert into AULA (AULA_ID,EDIFICIO,PISO,CAPACIDAD) values (3,'Pabellón A',2,50);
Insert into AULA (AULA_ID,EDIFICIO,PISO,CAPACIDAD) values (4,'Pabellón B',1,30);
Insert into AULA (AULA_ID,EDIFICIO,PISO,CAPACIDAD) values (5,'Pabellón B',2,35);
Insert into AULA (AULA_ID,EDIFICIO,PISO,CAPACIDAD) values (6,'Edificio Central',1,100);
Insert into AULA (AULA_ID,EDIFICIO,PISO,CAPACIDAD) values (7,'Edificio Central',2,80);
Insert into AULA (AULA_ID,EDIFICIO,PISO,CAPACIDAD) values (8,'Laboratorio CS',1,25);
Insert into AULA (AULA_ID,EDIFICIO,PISO,CAPACIDAD) values (9,'Laboratorio CS',2,25);
Insert into AULA (AULA_ID,EDIFICIO,PISO,CAPACIDAD) values (10,'Pabellón C',1,60);
Insert into AULA (AULA_ID,EDIFICIO,PISO,CAPACIDAD) values (11,'Pabellón C',3,45);
Insert into AULA (AULA_ID,EDIFICIO,PISO,CAPACIDAD) values (12,'Biblioteca',1,20);
Insert into AULA (AULA_ID,EDIFICIO,PISO,CAPACIDAD) values (13,'Pabellón D',1,50);
Insert into AULA (AULA_ID,EDIFICIO,PISO,CAPACIDAD) values (14,'Pabellón D',2,50);
Insert into AULA (AULA_ID,EDIFICIO,PISO,CAPACIDAD) values (15,'Auditorio Sur',1,150);
Insert into AULA (AULA_ID,EDIFICIO,PISO,CAPACIDAD) values (16,'Laboratorio Redes',1,20);
Insert into AULA (AULA_ID,EDIFICIO,PISO,CAPACIDAD) values (17,'Taller Arte',1,30);
Insert into AULA (AULA_ID,EDIFICIO,PISO,CAPACIDAD) values (18,'Pabellón E',1,40);
Insert into AULA (AULA_ID,EDIFICIO,PISO,CAPACIDAD) values (19,'Pabellón E',2,40);
Insert into AULA (AULA_ID,EDIFICIO,PISO,CAPACIDAD) values (20,'Sala Idiomas',1,25);
REM INSERTING into DOCENTE
SET DEFINE OFF;
Insert into DOCENTE (DOCENTE_ID,NOMBRE,APELLIDO,ESPECIALIDAD,EMAIL) values (1,'Carlos','Mendoza','Matemáticas','cmendoza@uni.edu');
Insert into DOCENTE (DOCENTE_ID,NOMBRE,APELLIDO,ESPECIALIDAD,EMAIL) values (2,'Ana','Torres','Historia','atorres@uni.edu');
Insert into DOCENTE (DOCENTE_ID,NOMBRE,APELLIDO,ESPECIALIDAD,EMAIL) values (3,'Luis','García','Literatura','lgarcia@uni.edu');
Insert into DOCENTE (DOCENTE_ID,NOMBRE,APELLIDO,ESPECIALIDAD,EMAIL) values (4,'Marta','López','Filosofía','mlopez@uni.edu');
Insert into DOCENTE (DOCENTE_ID,NOMBRE,APELLIDO,ESPECIALIDAD,EMAIL) values (5,'José','Pérez','Sistemas','jperez@uni.edu');
Insert into DOCENTE (DOCENTE_ID,NOMBRE,APELLIDO,ESPECIALIDAD,EMAIL) values (6,'Elena','Ramírez','Psicología','eramirez@uni.edu');
Insert into DOCENTE (DOCENTE_ID,NOMBRE,APELLIDO,ESPECIALIDAD,EMAIL) values (7,'Raúl','Castro','Geografía','rcastro@uni.edu');
Insert into DOCENTE (DOCENTE_ID,NOMBRE,APELLIDO,ESPECIALIDAD,EMAIL) values (8,'Sofía','Ruiz','Educación','sruiz@uni.edu');
Insert into DOCENTE (DOCENTE_ID,NOMBRE,APELLIDO,ESPECIALIDAD,EMAIL) values (9,'Miguel','Díaz','Lingüística','mdiaz@uni.edu');
Insert into DOCENTE (DOCENTE_ID,NOMBRE,APELLIDO,ESPECIALIDAD,EMAIL) values (10,'Lucía','Fernández','Sociología','lfernandez@uni.edu');
Insert into DOCENTE (DOCENTE_ID,NOMBRE,APELLIDO,ESPECIALIDAD,EMAIL) values (11,'Jorge','Gómez','Estadística','jgomez@uni.edu');
Insert into DOCENTE (DOCENTE_ID,NOMBRE,APELLIDO,ESPECIALIDAD,EMAIL) values (12,'Carmen','Sánchez','Derecho','csanchez@uni.edu');
Insert into DOCENTE (DOCENTE_ID,NOMBRE,APELLIDO,ESPECIALIDAD,EMAIL) values (13,'Ricardo','Romero','Física','rromero@uni.edu');
Insert into DOCENTE (DOCENTE_ID,NOMBRE,APELLIDO,ESPECIALIDAD,EMAIL) values (14,'Paula','Herrera','Química','pherrera@uni.edu');
Insert into DOCENTE (DOCENTE_ID,NOMBRE,APELLIDO,ESPECIALIDAD,EMAIL) values (15,'Andrés','Medina','Biología','amedina@uni.edu');
Insert into DOCENTE (DOCENTE_ID,NOMBRE,APELLIDO,ESPECIALIDAD,EMAIL) values (16,'Teresa','Vargas','Arte','tvargas@uni.edu');
Insert into DOCENTE (DOCENTE_ID,NOMBRE,APELLIDO,ESPECIALIDAD,EMAIL) values (17,'Fernando','Rojas','Música','frojas@uni.edu');
Insert into DOCENTE (DOCENTE_ID,NOMBRE,APELLIDO,ESPECIALIDAD,EMAIL) values (18,'Diana','Flores','Economía','dflores@uni.edu');
Insert into DOCENTE (DOCENTE_ID,NOMBRE,APELLIDO,ESPECIALIDAD,EMAIL) values (19,'Víctor','Morales','Administración','vmorales@uni.edu');
Insert into DOCENTE (DOCENTE_ID,NOMBRE,APELLIDO,ESPECIALIDAD,EMAIL) values (20,'Rosa','Ortiz','Marketing','rortiz@uni.edu');
REM INSERTING into ESTUDIANTE
SET DEFINE OFF;
Insert into ESTUDIANTE (ESTUDIANTE_ID,NOMBRE,CARRERA,CORREO) values (1,'Juan Arias','Sistemas','juan.arias@uni.edu');
Insert into ESTUDIANTE (ESTUDIANTE_ID,NOMBRE,CARRERA,CORREO) values (2,'Lucía Vidal','Psicología','lucia.vidal@uni.edu');
Insert into ESTUDIANTE (ESTUDIANTE_ID,NOMBRE,CARRERA,CORREO) values (3,'Pedro Suárez','Historia','pedro.suarez@uni.edu');
Insert into ESTUDIANTE (ESTUDIANTE_ID,NOMBRE,CARRERA,CORREO) values (4,'María Castro','Literatura','maria.castro@uni.edu');
Insert into ESTUDIANTE (ESTUDIANTE_ID,NOMBRE,CARRERA,CORREO) values (5,'Andrés León','Educación','andres.leon@uni.edu');
Insert into ESTUDIANTE (ESTUDIANTE_ID,NOMBRE,CARRERA,CORREO) values (6,'Carla Núñez','Turismo','carla.nunez@uni.edu');
Insert into ESTUDIANTE (ESTUDIANTE_ID,NOMBRE,CARRERA,CORREO) values (7,'Roberto Jiménez','Filosofía','roberto.jimenez@uni.edu');
Insert into ESTUDIANTE (ESTUDIANTE_ID,NOMBRE,CARRERA,CORREO) values (8,'Isabel Paredes','Lingüística','isabel.paredes@uni.edu');
Insert into ESTUDIANTE (ESTUDIANTE_ID,NOMBRE,CARRERA,CORREO) values (9,'Marco Vela','Sociología','marco.vela@uni.edu');
Insert into ESTUDIANTE (ESTUDIANTE_ID,NOMBRE,CARRERA,CORREO) values (10,'Patricia Mendoza','Sistemas','patricia.mendoza@uni.edu');
Insert into ESTUDIANTE (ESTUDIANTE_ID,NOMBRE,CARRERA,CORREO) values (11,'Diego Zamora','Historia','diego.zamora@uni.edu');
Insert into ESTUDIANTE (ESTUDIANTE_ID,NOMBRE,CARRERA,CORREO) values (12,'Laura Martínez','Psicología','laura.martinez@uni.edu');
Insert into ESTUDIANTE (ESTUDIANTE_ID,NOMBRE,CARRERA,CORREO) values (13,'Hugo Luján','Educación','hugo.lujan@uni.edu');
Insert into ESTUDIANTE (ESTUDIANTE_ID,NOMBRE,CARRERA,CORREO) values (14,'Daniela Vargas','Literatura','daniela.vargas@uni.edu');
Insert into ESTUDIANTE (ESTUDIANTE_ID,NOMBRE,CARRERA,CORREO) values (15,'Cristina Ríos','Lingüística','cristina.rios@uni.edu');
Insert into ESTUDIANTE (ESTUDIANTE_ID,NOMBRE,CARRERA,CORREO) values (16,'Mauricio Peña','Filosofía','mauricio.pena@uni.edu');
Insert into ESTUDIANTE (ESTUDIANTE_ID,NOMBRE,CARRERA,CORREO) values (17,'Carmen Beltrán','Turismo','carmen.beltran@uni.edu');
Insert into ESTUDIANTE (ESTUDIANTE_ID,NOMBRE,CARRERA,CORREO) values (18,'Fabián Ortega','Sociología','fabian.ortega@uni.edu');
Insert into ESTUDIANTE (ESTUDIANTE_ID,NOMBRE,CARRERA,CORREO) values (19,'Elena Quintana','Psicología','elena.quintana@uni.edu');
Insert into ESTUDIANTE (ESTUDIANTE_ID,NOMBRE,CARRERA,CORREO) values (20,'Antonio Campos','Sistemas','antonio.campos@uni.edu');
REM INSERTING into EVALUACION
SET DEFINE OFF;
Insert into EVALUACION (EVALUACION_ID,MATERIA_ID,TIPO_EVALUACION,PONDERACION,FECHA_EVALUACION) values (1,1,'Primer Parcial',30,to_date('15-MAR-25','DD-MON-RR'));
Insert into EVALUACION (EVALUACION_ID,MATERIA_ID,TIPO_EVALUACION,PONDERACION,FECHA_EVALUACION) values (2,2,'Trabajo Práctico',20,to_date('10-MAR-25','DD-MON-RR'));
Insert into EVALUACION (EVALUACION_ID,MATERIA_ID,TIPO_EVALUACION,PONDERACION,FECHA_EVALUACION) values (3,3,'Ensayo Final',50,to_date('20-MAY-25','DD-MON-RR'));
Insert into EVALUACION (EVALUACION_ID,MATERIA_ID,TIPO_EVALUACION,PONDERACION,FECHA_EVALUACION) values (4,4,'Examen Oral',40,to_date('05-APR-25','DD-MON-RR'));
Insert into EVALUACION (EVALUACION_ID,MATERIA_ID,TIPO_EVALUACION,PONDERACION,FECHA_EVALUACION) values (5,5,'Proyecto Desarrollo',50,to_date('25-MAY-25','DD-MON-RR'));
Insert into EVALUACION (EVALUACION_ID,MATERIA_ID,TIPO_EVALUACION,PONDERACION,FECHA_EVALUACION) values (6,6,'Primer Parcial',30,to_date('18-MAR-25','DD-MON-RR'));
Insert into EVALUACION (EVALUACION_ID,MATERIA_ID,TIPO_EVALUACION,PONDERACION,FECHA_EVALUACION) values (7,7,'Investigación Campo',40,to_date('12-APR-25','DD-MON-RR'));
Insert into EVALUACION (EVALUACION_ID,MATERIA_ID,TIPO_EVALUACION,PONDERACION,FECHA_EVALUACION) values (8,8,'Examen Escrito',30,to_date('20-MAR-25','DD-MON-RR'));
Insert into EVALUACION (EVALUACION_ID,MATERIA_ID,TIPO_EVALUACION,PONDERACION,FECHA_EVALUACION) values (9,9,'Prueba de Audio',20,to_date('05-MAR-25','DD-MON-RR'));
Insert into EVALUACION (EVALUACION_ID,MATERIA_ID,TIPO_EVALUACION,PONDERACION,FECHA_EVALUACION) values (10,10,'Debate',30,to_date('15-APR-25','DD-MON-RR'));
Insert into EVALUACION (EVALUACION_ID,MATERIA_ID,TIPO_EVALUACION,PONDERACION,FECHA_EVALUACION) values (11,11,'Diseño SQL',40,to_date('10-APR-25','DD-MON-RR'));
Insert into EVALUACION (EVALUACION_ID,MATERIA_ID,TIPO_EVALUACION,PONDERACION,FECHA_EVALUACION) values (12,12,'Artículo',50,to_date('30-MAY-25','DD-MON-RR'));
Insert into EVALUACION (EVALUACION_ID,MATERIA_ID,TIPO_EVALUACION,PONDERACION,FECHA_EVALUACION) values (13,13,'Primer Parcial',30,to_date('22-MAR-25','DD-MON-RR'));
Insert into EVALUACION (EVALUACION_ID,MATERIA_ID,TIPO_EVALUACION,PONDERACION,FECHA_EVALUACION) values (14,14,'Control Lectura',15,to_date('01-MAR-25','DD-MON-RR'));
Insert into EVALUACION (EVALUACION_ID,MATERIA_ID,TIPO_EVALUACION,PONDERACION,FECHA_EVALUACION) values (15,15,'Proyecto Redes',45,to_date('15-MAY-25','DD-MON-RR'));
Insert into EVALUACION (EVALUACION_ID,MATERIA_ID,TIPO_EVALUACION,PONDERACION,FECHA_EVALUACION) values (16,16,'Caso Práctico',35,to_date('20-APR-25','DD-MON-RR'));
Insert into EVALUACION (EVALUACION_ID,MATERIA_ID,TIPO_EVALUACION,PONDERACION,FECHA_EVALUACION) values (17,17,'Análisis Literario',40,to_date('10-MAY-25','DD-MON-RR'));
Insert into EVALUACION (EVALUACION_ID,MATERIA_ID,TIPO_EVALUACION,PONDERACION,FECHA_EVALUACION) values (18,18,'Examen Final',50,to_date('05-JUN-25','DD-MON-RR'));
Insert into EVALUACION (EVALUACION_ID,MATERIA_ID,TIPO_EVALUACION,PONDERACION,FECHA_EVALUACION) values (19,19,'Exposición',25,to_date('25-APR-25','DD-MON-RR'));
Insert into EVALUACION (EVALUACION_ID,MATERIA_ID,TIPO_EVALUACION,PONDERACION,FECHA_EVALUACION) values (20,20,'Ensayo',30,to_date('18-MAY-25','DD-MON-RR'));
REM INSERTING into HORARIO
SET DEFINE OFF;
Insert into HORARIO (HORARIO_ID,MATERIA_ID,AULA_ID,DIA_SEMANA,HORA_INICIO,HORA_FIN) values (1,1,1,'Lunes','08:00','10:00');
Insert into HORARIO (HORARIO_ID,MATERIA_ID,AULA_ID,DIA_SEMANA,HORA_INICIO,HORA_FIN) values (2,2,2,'Martes','10:00','12:00');
Insert into HORARIO (HORARIO_ID,MATERIA_ID,AULA_ID,DIA_SEMANA,HORA_INICIO,HORA_FIN) values (3,3,3,'Miércoles','14:00','16:00');
Insert into HORARIO (HORARIO_ID,MATERIA_ID,AULA_ID,DIA_SEMANA,HORA_INICIO,HORA_FIN) values (4,4,4,'Jueves','16:00','18:00');
Insert into HORARIO (HORARIO_ID,MATERIA_ID,AULA_ID,DIA_SEMANA,HORA_INICIO,HORA_FIN) values (5,5,8,'Viernes','08:00','11:00');
Insert into HORARIO (HORARIO_ID,MATERIA_ID,AULA_ID,DIA_SEMANA,HORA_INICIO,HORA_FIN) values (6,6,5,'Lunes','10:00','12:00');
Insert into HORARIO (HORARIO_ID,MATERIA_ID,AULA_ID,DIA_SEMANA,HORA_INICIO,HORA_FIN) values (7,7,10,'Martes','14:00','16:00');
Insert into HORARIO (HORARIO_ID,MATERIA_ID,AULA_ID,DIA_SEMANA,HORA_INICIO,HORA_FIN) values (8,8,11,'Miércoles','08:00','10:00');
Insert into HORARIO (HORARIO_ID,MATERIA_ID,AULA_ID,DIA_SEMANA,HORA_INICIO,HORA_FIN) values (9,9,20,'Jueves','10:00','12:00');
Insert into HORARIO (HORARIO_ID,MATERIA_ID,AULA_ID,DIA_SEMANA,HORA_INICIO,HORA_FIN) values (10,10,6,'Viernes','14:00','16:00');
Insert into HORARIO (HORARIO_ID,MATERIA_ID,AULA_ID,DIA_SEMANA,HORA_INICIO,HORA_FIN) values (11,11,8,'Lunes','16:00','19:00');
Insert into HORARIO (HORARIO_ID,MATERIA_ID,AULA_ID,DIA_SEMANA,HORA_INICIO,HORA_FIN) values (12,12,12,'Martes','08:00','10:00');
Insert into HORARIO (HORARIO_ID,MATERIA_ID,AULA_ID,DIA_SEMANA,HORA_INICIO,HORA_FIN) values (13,13,1,'Miércoles','10:00','12:00');
Insert into HORARIO (HORARIO_ID,MATERIA_ID,AULA_ID,DIA_SEMANA,HORA_INICIO,HORA_FIN) values (14,14,2,'Jueves','14:00','16:00');
Insert into HORARIO (HORARIO_ID,MATERIA_ID,AULA_ID,DIA_SEMANA,HORA_INICIO,HORA_FIN) values (15,15,3,'Viernes','16:00','18:00');
Insert into HORARIO (HORARIO_ID,MATERIA_ID,AULA_ID,DIA_SEMANA,HORA_INICIO,HORA_FIN) values (16,16,9,'Lunes','08:00','11:00');
Insert into HORARIO (HORARIO_ID,MATERIA_ID,AULA_ID,DIA_SEMANA,HORA_INICIO,HORA_FIN) values (17,17,4,'Martes','10:00','12:00');
Insert into HORARIO (HORARIO_ID,MATERIA_ID,AULA_ID,DIA_SEMANA,HORA_INICIO,HORA_FIN) values (18,18,5,'Miércoles','14:00','16:00');
Insert into HORARIO (HORARIO_ID,MATERIA_ID,AULA_ID,DIA_SEMANA,HORA_INICIO,HORA_FIN) values (19,19,10,'Jueves','16:00','18:00');
Insert into HORARIO (HORARIO_ID,MATERIA_ID,AULA_ID,DIA_SEMANA,HORA_INICIO,HORA_FIN) values (20,20,11,'Viernes','08:00','10:00');
REM INSERTING into INSCRIPCION
SET DEFINE OFF;
Insert into INSCRIPCION (INSCRIPCION_ID,ESTUDIANTE_ID,MATERIA_ID,FECHA_INSCRIPCION,NOTA) values (1,1,1,to_date('10-JAN-25','DD-MON-RR'),85.5);
Insert into INSCRIPCION (INSCRIPCION_ID,ESTUDIANTE_ID,MATERIA_ID,FECHA_INSCRIPCION,NOTA) values (2,2,6,to_date('12-JAN-25','DD-MON-RR'),90);
Insert into INSCRIPCION (INSCRIPCION_ID,ESTUDIANTE_ID,MATERIA_ID,FECHA_INSCRIPCION,NOTA) values (3,3,2,to_date('15-JAN-25','DD-MON-RR'),78);
Insert into INSCRIPCION (INSCRIPCION_ID,ESTUDIANTE_ID,MATERIA_ID,FECHA_INSCRIPCION,NOTA) values (4,4,3,to_date('17-JAN-25','DD-MON-RR'),88);
Insert into INSCRIPCION (INSCRIPCION_ID,ESTUDIANTE_ID,MATERIA_ID,FECHA_INSCRIPCION,NOTA) values (5,5,8,to_date('20-JAN-25','DD-MON-RR'),95);
Insert into INSCRIPCION (INSCRIPCION_ID,ESTUDIANTE_ID,MATERIA_ID,FECHA_INSCRIPCION,NOTA) values (6,6,7,to_date('22-JAN-25','DD-MON-RR'),82);
Insert into INSCRIPCION (INSCRIPCION_ID,ESTUDIANTE_ID,MATERIA_ID,FECHA_INSCRIPCION,NOTA) values (7,7,4,to_date('25-JAN-25','DD-MON-RR'),76.5);
Insert into INSCRIPCION (INSCRIPCION_ID,ESTUDIANTE_ID,MATERIA_ID,FECHA_INSCRIPCION,NOTA) values (8,8,9,to_date('27-JAN-25','DD-MON-RR'),88.5);
Insert into INSCRIPCION (INSCRIPCION_ID,ESTUDIANTE_ID,MATERIA_ID,FECHA_INSCRIPCION,NOTA) values (9,9,10,to_date('30-JAN-25','DD-MON-RR'),80);
Insert into INSCRIPCION (INSCRIPCION_ID,ESTUDIANTE_ID,MATERIA_ID,FECHA_INSCRIPCION,NOTA) values (10,10,5,to_date('01-FEB-25','DD-MON-RR'),92);
Insert into INSCRIPCION (INSCRIPCION_ID,ESTUDIANTE_ID,MATERIA_ID,FECHA_INSCRIPCION,NOTA) values (11,11,13,to_date('03-FEB-25','DD-MON-RR'),75);
Insert into INSCRIPCION (INSCRIPCION_ID,ESTUDIANTE_ID,MATERIA_ID,FECHA_INSCRIPCION,NOTA) values (12,12,6,to_date('05-FEB-25','DD-MON-RR'),85);
Insert into INSCRIPCION (INSCRIPCION_ID,ESTUDIANTE_ID,MATERIA_ID,FECHA_INSCRIPCION,NOTA) values (13,13,8,to_date('08-FEB-25','DD-MON-RR'),91);
Insert into INSCRIPCION (INSCRIPCION_ID,ESTUDIANTE_ID,MATERIA_ID,FECHA_INSCRIPCION,NOTA) values (14,14,17,to_date('10-FEB-25','DD-MON-RR'),89);
Insert into INSCRIPCION (INSCRIPCION_ID,ESTUDIANTE_ID,MATERIA_ID,FECHA_INSCRIPCION,NOTA) values (15,15,15,to_date('12-FEB-25','DD-MON-RR'),84.5);
Insert into INSCRIPCION (INSCRIPCION_ID,ESTUDIANTE_ID,MATERIA_ID,FECHA_INSCRIPCION,NOTA) values (16,16,14,to_date('15-FEB-25','DD-MON-RR'),79);
Insert into INSCRIPCION (INSCRIPCION_ID,ESTUDIANTE_ID,MATERIA_ID,FECHA_INSCRIPCION,NOTA) values (17,17,19,to_date('18-FEB-25','DD-MON-RR'),87);
Insert into INSCRIPCION (INSCRIPCION_ID,ESTUDIANTE_ID,MATERIA_ID,FECHA_INSCRIPCION,NOTA) values (18,18,20,to_date('20-FEB-25','DD-MON-RR'),90.5);
Insert into INSCRIPCION (INSCRIPCION_ID,ESTUDIANTE_ID,MATERIA_ID,FECHA_INSCRIPCION,NOTA) values (19,19,18,to_date('22-FEB-25','DD-MON-RR'),88);
Insert into INSCRIPCION (INSCRIPCION_ID,ESTUDIANTE_ID,MATERIA_ID,FECHA_INSCRIPCION,NOTA) values (20,20,16,to_date('25-FEB-25','DD-MON-RR'),93);
REM INSERTING into MATERIA
SET DEFINE OFF;
Insert into MATERIA (MATERIA_ID,NOMBRE,CREDITOS,DOCENTE_ID) values (1,'Álgebra',4,1);
Insert into MATERIA (MATERIA_ID,NOMBRE,CREDITOS,DOCENTE_ID) values (2,'Historia Antigua',3,2);
Insert into MATERIA (MATERIA_ID,NOMBRE,CREDITOS,DOCENTE_ID) values (3,'Poesía Moderna',3,3);
Insert into MATERIA (MATERIA_ID,NOMBRE,CREDITOS,DOCENTE_ID) values (4,'Ética Profesional',2,4);
Insert into MATERIA (MATERIA_ID,NOMBRE,CREDITOS,DOCENTE_ID) values (5,'Programación Básica',5,5);
Insert into MATERIA (MATERIA_ID,NOMBRE,CREDITOS,DOCENTE_ID) values (6,'Psicología Infantil',4,6);
Insert into MATERIA (MATERIA_ID,NOMBRE,CREDITOS,DOCENTE_ID) values (7,'Geografía Turística',3,7);
Insert into MATERIA (MATERIA_ID,NOMBRE,CREDITOS,DOCENTE_ID) values (8,'Pedagogía',4,8);
Insert into MATERIA (MATERIA_ID,NOMBRE,CREDITOS,DOCENTE_ID) values (9,'Fonología',2,9);
Insert into MATERIA (MATERIA_ID,NOMBRE,CREDITOS,DOCENTE_ID) values (10,'Teoría Social',3,10);
Insert into MATERIA (MATERIA_ID,NOMBRE,CREDITOS,DOCENTE_ID) values (11,'Bases de Datos',5,5);
Insert into MATERIA (MATERIA_ID,NOMBRE,CREDITOS,DOCENTE_ID) values (12,'Redacción Académica',3,3);
Insert into MATERIA (MATERIA_ID,NOMBRE,CREDITOS,DOCENTE_ID) values (13,'Historia Medieval',3,2);
Insert into MATERIA (MATERIA_ID,NOMBRE,CREDITOS,DOCENTE_ID) values (14,'Lógica',2,4);
Insert into MATERIA (MATERIA_ID,NOMBRE,CREDITOS,DOCENTE_ID) values (15,'Teoría de la Información',4,9);
Insert into MATERIA (MATERIA_ID,NOMBRE,CREDITOS,DOCENTE_ID) values (16,'Sistemas de Gestión',5,5);
Insert into MATERIA (MATERIA_ID,NOMBRE,CREDITOS,DOCENTE_ID) values (17,'Literatura Latinoamericana',4,3);
Insert into MATERIA (MATERIA_ID,NOMBRE,CREDITOS,DOCENTE_ID) values (18,'Neurociencia',3,6);
Insert into MATERIA (MATERIA_ID,NOMBRE,CREDITOS,DOCENTE_ID) values (19,'Turismo Cultural',3,7);
Insert into MATERIA (MATERIA_ID,NOMBRE,CREDITOS,DOCENTE_ID) values (20,'Políticas Educativas',4,8);
REM INSERTING into MATERIAL_DIDACTICO
SET DEFINE OFF;
Insert into MATERIAL_DIDACTICO (MATERIAL_ID,MATERIA_ID,TITULO,TIPO_ARCHIVO,FECHA_SUBIDA) values (1,1,'Guía de Ecuaciones','PDF',to_date('05-JAN-25','DD-MON-RR'));
Insert into MATERIAL_DIDACTICO (MATERIAL_ID,MATERIA_ID,TITULO,TIPO_ARCHIVO,FECHA_SUBIDA) values (2,2,'Mapa Imperio Romano','JPG',to_date('06-JAN-25','DD-MON-RR'));
Insert into MATERIAL_DIDACTICO (MATERIAL_ID,MATERIA_ID,TITULO,TIPO_ARCHIVO,FECHA_SUBIDA) values (3,3,'Antología Poética','PDF',to_date('07-JAN-25','DD-MON-RR'));
Insert into MATERIAL_DIDACTICO (MATERIAL_ID,MATERIA_ID,TITULO,TIPO_ARCHIVO,FECHA_SUBIDA) values (4,4,'Código de Ética','PDF',to_date('08-JAN-25','DD-MON-RR'));
Insert into MATERIAL_DIDACTICO (MATERIAL_ID,MATERIA_ID,TITULO,TIPO_ARCHIVO,FECHA_SUBIDA) values (5,5,'Instalador Python','ZIP',to_date('09-JAN-25','DD-MON-RR'));
Insert into MATERIAL_DIDACTICO (MATERIAL_ID,MATERIA_ID,TITULO,TIPO_ARCHIVO,FECHA_SUBIDA) values (6,6,'Desarrollo Cognitivo','PPTX',to_date('10-JAN-25','DD-MON-RR'));
Insert into MATERIAL_DIDACTICO (MATERIAL_ID,MATERIA_ID,TITULO,TIPO_ARCHIVO,FECHA_SUBIDA) values (7,7,'Rutas Turísticas','PDF',to_date('11-JAN-25','DD-MON-RR'));
Insert into MATERIAL_DIDACTICO (MATERIAL_ID,MATERIA_ID,TITULO,TIPO_ARCHIVO,FECHA_SUBIDA) values (8,8,'Estrategias Aula','PDF',to_date('12-JAN-25','DD-MON-RR'));
Insert into MATERIAL_DIDACTICO (MATERIAL_ID,MATERIA_ID,TITULO,TIPO_ARCHIVO,FECHA_SUBIDA) values (9,9,'Alfabeto Fonético','PNG',to_date('13-JAN-25','DD-MON-RR'));
Insert into MATERIAL_DIDACTICO (MATERIAL_ID,MATERIA_ID,TITULO,TIPO_ARCHIVO,FECHA_SUBIDA) values (10,10,'Autores Clásicos','DOCX',to_date('14-JAN-25','DD-MON-RR'));
Insert into MATERIAL_DIDACTICO (MATERIAL_ID,MATERIA_ID,TITULO,TIPO_ARCHIVO,FECHA_SUBIDA) values (11,11,'Diagrama ER','PDF',to_date('15-JAN-25','DD-MON-RR'));
Insert into MATERIAL_DIDACTICO (MATERIAL_ID,MATERIA_ID,TITULO,TIPO_ARCHIVO,FECHA_SUBIDA) values (12,12,'Normas APA v7','PDF',to_date('16-JAN-25','DD-MON-RR'));
Insert into MATERIAL_DIDACTICO (MATERIAL_ID,MATERIA_ID,TITULO,TIPO_ARCHIVO,FECHA_SUBIDA) values (13,13,'Cruzadas Resumen','PPTX',to_date('17-JAN-25','DD-MON-RR'));
Insert into MATERIAL_DIDACTICO (MATERIAL_ID,MATERIA_ID,TITULO,TIPO_ARCHIVO,FECHA_SUBIDA) values (14,14,'Tablas de Verdad','XLSX',to_date('18-JAN-25','DD-MON-RR'));
Insert into MATERIAL_DIDACTICO (MATERIAL_ID,MATERIA_ID,TITULO,TIPO_ARCHIVO,FECHA_SUBIDA) values (15,15,'Teorema de Shannon','PDF',to_date('19-JAN-25','DD-MON-RR'));
Insert into MATERIAL_DIDACTICO (MATERIAL_ID,MATERIA_ID,TITULO,TIPO_ARCHIVO,FECHA_SUBIDA) values (16,16,'Plantilla ERP','XLSX',to_date('20-JAN-25','DD-MON-RR'));
Insert into MATERIAL_DIDACTICO (MATERIAL_ID,MATERIA_ID,TITULO,TIPO_ARCHIVO,FECHA_SUBIDA) values (17,17,'Cien Años de Soledad','EPUB',to_date('21-JAN-25','DD-MON-RR'));
Insert into MATERIAL_DIDACTICO (MATERIAL_ID,MATERIA_ID,TITULO,TIPO_ARCHIVO,FECHA_SUBIDA) values (18,18,'Cerebro Humano','JPG',to_date('22-JAN-25','DD-MON-RR'));
Insert into MATERIAL_DIDACTICO (MATERIAL_ID,MATERIA_ID,TITULO,TIPO_ARCHIVO,FECHA_SUBIDA) values (19,19,'Patrimonios UNESCO','PDF',to_date('23-JAN-25','DD-MON-RR'));
Insert into MATERIAL_DIDACTICO (MATERIAL_ID,MATERIA_ID,TITULO,TIPO_ARCHIVO,FECHA_SUBIDA) values (20,20,'Ley Educación','PDF',to_date('24-JAN-25','DD-MON-RR'));
REM INSERTING into PAGO
SET DEFINE OFF;
Insert into PAGO (PAGO_ID,ESTUDIANTE_ID,MONTO,FECHA_PAGO,METODO_PAGO) values (1,1,1500,to_date('05-JAN-25','DD-MON-RR'),'Transferencia');
Insert into PAGO (PAGO_ID,ESTUDIANTE_ID,MONTO,FECHA_PAGO,METODO_PAGO) values (2,2,1500,to_date('06-JAN-25','DD-MON-RR'),'Tarjeta');
Insert into PAGO (PAGO_ID,ESTUDIANTE_ID,MONTO,FECHA_PAGO,METODO_PAGO) values (3,3,1200,to_date('07-JAN-25','DD-MON-RR'),'Efectivo');
Insert into PAGO (PAGO_ID,ESTUDIANTE_ID,MONTO,FECHA_PAGO,METODO_PAGO) values (4,4,1200,to_date('08-JAN-25','DD-MON-RR'),'Transferencia');
Insert into PAGO (PAGO_ID,ESTUDIANTE_ID,MONTO,FECHA_PAGO,METODO_PAGO) values (5,5,1300,to_date('09-JAN-25','DD-MON-RR'),'Tarjeta');
Insert into PAGO (PAGO_ID,ESTUDIANTE_ID,MONTO,FECHA_PAGO,METODO_PAGO) values (6,6,1400,to_date('10-JAN-25','DD-MON-RR'),'Transferencia');
Insert into PAGO (PAGO_ID,ESTUDIANTE_ID,MONTO,FECHA_PAGO,METODO_PAGO) values (7,7,1200,to_date('11-JAN-25','DD-MON-RR'),'Efectivo');
Insert into PAGO (PAGO_ID,ESTUDIANTE_ID,MONTO,FECHA_PAGO,METODO_PAGO) values (8,8,1300,to_date('12-JAN-25','DD-MON-RR'),'Tarjeta');
Insert into PAGO (PAGO_ID,ESTUDIANTE_ID,MONTO,FECHA_PAGO,METODO_PAGO) values (9,9,1200,to_date('13-JAN-25','DD-MON-RR'),'Transferencia');
Insert into PAGO (PAGO_ID,ESTUDIANTE_ID,MONTO,FECHA_PAGO,METODO_PAGO) values (10,10,1500,to_date('14-JAN-25','DD-MON-RR'),'Efectivo');
Insert into PAGO (PAGO_ID,ESTUDIANTE_ID,MONTO,FECHA_PAGO,METODO_PAGO) values (11,11,1200,to_date('15-JAN-25','DD-MON-RR'),'Tarjeta');
Insert into PAGO (PAGO_ID,ESTUDIANTE_ID,MONTO,FECHA_PAGO,METODO_PAGO) values (12,12,1500,to_date('16-JAN-25','DD-MON-RR'),'Transferencia');
Insert into PAGO (PAGO_ID,ESTUDIANTE_ID,MONTO,FECHA_PAGO,METODO_PAGO) values (13,13,1300,to_date('17-JAN-25','DD-MON-RR'),'Tarjeta');
Insert into PAGO (PAGO_ID,ESTUDIANTE_ID,MONTO,FECHA_PAGO,METODO_PAGO) values (14,14,1200,to_date('18-JAN-25','DD-MON-RR'),'Efectivo');
Insert into PAGO (PAGO_ID,ESTUDIANTE_ID,MONTO,FECHA_PAGO,METODO_PAGO) values (15,15,1300,to_date('19-JAN-25','DD-MON-RR'),'Transferencia');
Insert into PAGO (PAGO_ID,ESTUDIANTE_ID,MONTO,FECHA_PAGO,METODO_PAGO) values (16,16,1200,to_date('20-JAN-25','DD-MON-RR'),'Tarjeta');
Insert into PAGO (PAGO_ID,ESTUDIANTE_ID,MONTO,FECHA_PAGO,METODO_PAGO) values (17,17,1400,to_date('21-JAN-25','DD-MON-RR'),'Transferencia');
Insert into PAGO (PAGO_ID,ESTUDIANTE_ID,MONTO,FECHA_PAGO,METODO_PAGO) values (18,18,1200,to_date('22-JAN-25','DD-MON-RR'),'Efectivo');
Insert into PAGO (PAGO_ID,ESTUDIANTE_ID,MONTO,FECHA_PAGO,METODO_PAGO) values (19,19,1500,to_date('23-JAN-25','DD-MON-RR'),'Tarjeta');
Insert into PAGO (PAGO_ID,ESTUDIANTE_ID,MONTO,FECHA_PAGO,METODO_PAGO) values (20,20,1500,to_date('24-JAN-25','DD-MON-RR'),'Transferencia');
--------------------------------------------------------
--  DDL for Index SYS_C008235
--------------------------------------------------------

  CREATE UNIQUE INDEX "SYS_C008235" ON "ASISTENCIA" ("ASISTENCIA_ID") 
  PCTFREE 10 INITRANS 2 MAXTRANS 255 COMPUTE STATISTICS 
  STORAGE(INITIAL 65536 NEXT 1048576 MINEXTENTS 1 MAXEXTENTS 2147483645
  PCTINCREASE 0 FREELISTS 1 FREELIST GROUPS 1
  BUFFER_POOL DEFAULT FLASH_CACHE DEFAULT CELL_FLASH_CACHE DEFAULT)
  TABLESPACE "USERS" ;
--------------------------------------------------------
--  DDL for Index SYS_C008221
--------------------------------------------------------

  CREATE UNIQUE INDEX "SYS_C008221" ON "AULA" ("AULA_ID") 
  PCTFREE 10 INITRANS 2 MAXTRANS 255 COMPUTE STATISTICS 
  STORAGE(INITIAL 65536 NEXT 1048576 MINEXTENTS 1 MAXEXTENTS 2147483645
  PCTINCREASE 0 FREELISTS 1 FREELIST GROUPS 1
  BUFFER_POOL DEFAULT FLASH_CACHE DEFAULT CELL_FLASH_CACHE DEFAULT)
  TABLESPACE "USERS" ;
--------------------------------------------------------
--  DDL for Index SYS_C008220
--------------------------------------------------------

  CREATE UNIQUE INDEX "SYS_C008220" ON "DOCENTE" ("DOCENTE_ID") 
  PCTFREE 10 INITRANS 2 MAXTRANS 255 COMPUTE STATISTICS 
  STORAGE(INITIAL 65536 NEXT 1048576 MINEXTENTS 1 MAXEXTENTS 2147483645
  PCTINCREASE 0 FREELISTS 1 FREELIST GROUPS 1
  BUFFER_POOL DEFAULT FLASH_CACHE DEFAULT CELL_FLASH_CACHE DEFAULT)
  TABLESPACE "USERS" ;
--------------------------------------------------------
--  DDL for Index SYS_C008224
--------------------------------------------------------

  CREATE UNIQUE INDEX "SYS_C008224" ON "ESTUDIANTE" ("ESTUDIANTE_ID") 
  PCTFREE 10 INITRANS 2 MAXTRANS 255 COMPUTE STATISTICS 
  STORAGE(INITIAL 65536 NEXT 1048576 MINEXTENTS 1 MAXEXTENTS 2147483645
  PCTINCREASE 0 FREELISTS 1 FREELIST GROUPS 1
  BUFFER_POOL DEFAULT FLASH_CACHE DEFAULT CELL_FLASH_CACHE DEFAULT)
  TABLESPACE "USERS" ;
--------------------------------------------------------
--  DDL for Index SYS_C008233
--------------------------------------------------------

  CREATE UNIQUE INDEX "SYS_C008233" ON "EVALUACION" ("EVALUACION_ID") 
  PCTFREE 10 INITRANS 2 MAXTRANS 255 COMPUTE STATISTICS 
  STORAGE(INITIAL 65536 NEXT 1048576 MINEXTENTS 1 MAXEXTENTS 2147483645
  PCTINCREASE 0 FREELISTS 1 FREELIST GROUPS 1
  BUFFER_POOL DEFAULT FLASH_CACHE DEFAULT CELL_FLASH_CACHE DEFAULT)
  TABLESPACE "USERS" ;
--------------------------------------------------------
--  DDL for Index SYS_C008228
--------------------------------------------------------

  CREATE UNIQUE INDEX "SYS_C008228" ON "HORARIO" ("HORARIO_ID") 
  PCTFREE 10 INITRANS 2 MAXTRANS 255 COMPUTE STATISTICS 
  STORAGE(INITIAL 65536 NEXT 1048576 MINEXTENTS 1 MAXEXTENTS 2147483645
  PCTINCREASE 0 FREELISTS 1 FREELIST GROUPS 1
  BUFFER_POOL DEFAULT FLASH_CACHE DEFAULT CELL_FLASH_CACHE DEFAULT)
  TABLESPACE "USERS" ;
--------------------------------------------------------
--  DDL for Index SYS_C008225
--------------------------------------------------------

  CREATE UNIQUE INDEX "SYS_C008225" ON "INSCRIPCION" ("INSCRIPCION_ID") 
  PCTFREE 10 INITRANS 2 MAXTRANS 255 COMPUTE STATISTICS 
  STORAGE(INITIAL 65536 NEXT 1048576 MINEXTENTS 1 MAXEXTENTS 2147483645
  PCTINCREASE 0 FREELISTS 1 FREELIST GROUPS 1
  BUFFER_POOL DEFAULT FLASH_CACHE DEFAULT CELL_FLASH_CACHE DEFAULT)
  TABLESPACE "USERS" ;
--------------------------------------------------------
--  DDL for Index SYS_C008222
--------------------------------------------------------

  CREATE UNIQUE INDEX "SYS_C008222" ON "MATERIA" ("MATERIA_ID") 
  PCTFREE 10 INITRANS 2 MAXTRANS 255 COMPUTE STATISTICS 
  STORAGE(INITIAL 65536 NEXT 1048576 MINEXTENTS 1 MAXEXTENTS 2147483645
  PCTINCREASE 0 FREELISTS 1 FREELIST GROUPS 1
  BUFFER_POOL DEFAULT FLASH_CACHE DEFAULT CELL_FLASH_CACHE DEFAULT)
  TABLESPACE "USERS" ;
--------------------------------------------------------
--  DDL for Index SYS_C008238
--------------------------------------------------------

  CREATE UNIQUE INDEX "SYS_C008238" ON "MATERIAL_DIDACTICO" ("MATERIAL_ID") 
  PCTFREE 10 INITRANS 2 MAXTRANS 255 COMPUTE STATISTICS 
  STORAGE(INITIAL 65536 NEXT 1048576 MINEXTENTS 1 MAXEXTENTS 2147483645
  PCTINCREASE 0 FREELISTS 1 FREELIST GROUPS 1
  BUFFER_POOL DEFAULT FLASH_CACHE DEFAULT CELL_FLASH_CACHE DEFAULT)
  TABLESPACE "USERS" ;
--------------------------------------------------------
--  DDL for Index SYS_C008231
--------------------------------------------------------

  CREATE UNIQUE INDEX "SYS_C008231" ON "PAGO" ("PAGO_ID") 
  PCTFREE 10 INITRANS 2 MAXTRANS 255 COMPUTE STATISTICS 
  STORAGE(INITIAL 65536 NEXT 1048576 MINEXTENTS 1 MAXEXTENTS 2147483645
  PCTINCREASE 0 FREELISTS 1 FREELIST GROUPS 1
  BUFFER_POOL DEFAULT FLASH_CACHE DEFAULT CELL_FLASH_CACHE DEFAULT)
  TABLESPACE "USERS" ;
--------------------------------------------------------
--  DDL for Procedure SUMA
--------------------------------------------------------
set define off;

  CREATE OR REPLACE EDITIONABLE PROCEDURE "SUMA" (a INTEGER, b INTEGER)
AS
  c INTEGER;
BEGIN
  c := a + b;
  DBMS_OUTPUT.PUT_LINE('La suma es ' || c);
END;

/
--------------------------------------------------------
--  DDL for Package PAQ
--------------------------------------------------------

  CREATE OR REPLACE EDITIONABLE PACKAGE "PAQ" 
as
    procedure suma(a integer, b integer);
    function producto(a integer, b integer)
    return integer;
end paq;

/
--------------------------------------------------------
--  DDL for Package Body PAQ
--------------------------------------------------------

  CREATE OR REPLACE EDITIONABLE PACKAGE BODY "PAQ" 
as
    procedure suma(a integer, b integer)
    as
        c integer;
    begin
        c:=a+b;
        dbms_output.put_line('La suma es '||c);
    end;

    function producto(a integer, b integer)
    return integer
    as
        c integer;
    begin
        c:=a*b;
        return c;
    end;
end paq;

/
--------------------------------------------------------
--  DDL for Function PRODUCTO
--------------------------------------------------------

  CREATE OR REPLACE EDITIONABLE FUNCTION "PRODUCTO" (a INTEGER, b INTEGER)
RETURN INTEGER
AS
  c INTEGER;
BEGIN
  c := a * b;
  RETURN c;
END;

/
--------------------------------------------------------
--  Constraints for Table ASISTENCIA
--------------------------------------------------------

  ALTER TABLE "ASISTENCIA" ADD PRIMARY KEY ("ASISTENCIA_ID")
  USING INDEX PCTFREE 10 INITRANS 2 MAXTRANS 255 COMPUTE STATISTICS 
  STORAGE(INITIAL 65536 NEXT 1048576 MINEXTENTS 1 MAXEXTENTS 2147483645
  PCTINCREASE 0 FREELISTS 1 FREELIST GROUPS 1
  BUFFER_POOL DEFAULT FLASH_CACHE DEFAULT CELL_FLASH_CACHE DEFAULT)
  TABLESPACE "USERS"  ENABLE;
--------------------------------------------------------
--  Constraints for Table AULA
--------------------------------------------------------

  ALTER TABLE "AULA" ADD PRIMARY KEY ("AULA_ID")
  USING INDEX PCTFREE 10 INITRANS 2 MAXTRANS 255 COMPUTE STATISTICS 
  STORAGE(INITIAL 65536 NEXT 1048576 MINEXTENTS 1 MAXEXTENTS 2147483645
  PCTINCREASE 0 FREELISTS 1 FREELIST GROUPS 1
  BUFFER_POOL DEFAULT FLASH_CACHE DEFAULT CELL_FLASH_CACHE DEFAULT)
  TABLESPACE "USERS"  ENABLE;
--------------------------------------------------------
--  Constraints for Table DOCENTE
--------------------------------------------------------

  ALTER TABLE "DOCENTE" ADD PRIMARY KEY ("DOCENTE_ID")
  USING INDEX PCTFREE 10 INITRANS 2 MAXTRANS 255 COMPUTE STATISTICS 
  STORAGE(INITIAL 65536 NEXT 1048576 MINEXTENTS 1 MAXEXTENTS 2147483645
  PCTINCREASE 0 FREELISTS 1 FREELIST GROUPS 1
  BUFFER_POOL DEFAULT FLASH_CACHE DEFAULT CELL_FLASH_CACHE DEFAULT)
  TABLESPACE "USERS"  ENABLE;
--------------------------------------------------------
--  Constraints for Table ESTUDIANTE
--------------------------------------------------------

  ALTER TABLE "ESTUDIANTE" ADD PRIMARY KEY ("ESTUDIANTE_ID")
  USING INDEX PCTFREE 10 INITRANS 2 MAXTRANS 255 COMPUTE STATISTICS 
  STORAGE(INITIAL 65536 NEXT 1048576 MINEXTENTS 1 MAXEXTENTS 2147483645
  PCTINCREASE 0 FREELISTS 1 FREELIST GROUPS 1
  BUFFER_POOL DEFAULT FLASH_CACHE DEFAULT CELL_FLASH_CACHE DEFAULT)
  TABLESPACE "USERS"  ENABLE;
--------------------------------------------------------
--  Constraints for Table EVALUACION
--------------------------------------------------------

  ALTER TABLE "EVALUACION" ADD PRIMARY KEY ("EVALUACION_ID")
  USING INDEX PCTFREE 10 INITRANS 2 MAXTRANS 255 COMPUTE STATISTICS 
  STORAGE(INITIAL 65536 NEXT 1048576 MINEXTENTS 1 MAXEXTENTS 2147483645
  PCTINCREASE 0 FREELISTS 1 FREELIST GROUPS 1
  BUFFER_POOL DEFAULT FLASH_CACHE DEFAULT CELL_FLASH_CACHE DEFAULT)
  TABLESPACE "USERS"  ENABLE;
--------------------------------------------------------
--  Constraints for Table HORARIO
--------------------------------------------------------

  ALTER TABLE "HORARIO" ADD PRIMARY KEY ("HORARIO_ID")
  USING INDEX PCTFREE 10 INITRANS 2 MAXTRANS 255 COMPUTE STATISTICS 
  STORAGE(INITIAL 65536 NEXT 1048576 MINEXTENTS 1 MAXEXTENTS 2147483645
  PCTINCREASE 0 FREELISTS 1 FREELIST GROUPS 1
  BUFFER_POOL DEFAULT FLASH_CACHE DEFAULT CELL_FLASH_CACHE DEFAULT)
  TABLESPACE "USERS"  ENABLE;
--------------------------------------------------------
--  Constraints for Table INSCRIPCION
--------------------------------------------------------

  ALTER TABLE "INSCRIPCION" ADD PRIMARY KEY ("INSCRIPCION_ID")
  USING INDEX PCTFREE 10 INITRANS 2 MAXTRANS 255 COMPUTE STATISTICS 
  STORAGE(INITIAL 65536 NEXT 1048576 MINEXTENTS 1 MAXEXTENTS 2147483645
  PCTINCREASE 0 FREELISTS 1 FREELIST GROUPS 1
  BUFFER_POOL DEFAULT FLASH_CACHE DEFAULT CELL_FLASH_CACHE DEFAULT)
  TABLESPACE "USERS"  ENABLE;
--------------------------------------------------------
--  Constraints for Table MATERIA
--------------------------------------------------------

  ALTER TABLE "MATERIA" ADD PRIMARY KEY ("MATERIA_ID")
  USING INDEX PCTFREE 10 INITRANS 2 MAXTRANS 255 COMPUTE STATISTICS 
  STORAGE(INITIAL 65536 NEXT 1048576 MINEXTENTS 1 MAXEXTENTS 2147483645
  PCTINCREASE 0 FREELISTS 1 FREELIST GROUPS 1
  BUFFER_POOL DEFAULT FLASH_CACHE DEFAULT CELL_FLASH_CACHE DEFAULT)
  TABLESPACE "USERS"  ENABLE;
--------------------------------------------------------
--  Constraints for Table MATERIAL_DIDACTICO
--------------------------------------------------------

  ALTER TABLE "MATERIAL_DIDACTICO" ADD PRIMARY KEY ("MATERIAL_ID")
  USING INDEX PCTFREE 10 INITRANS 2 MAXTRANS 255 COMPUTE STATISTICS 
  STORAGE(INITIAL 65536 NEXT 1048576 MINEXTENTS 1 MAXEXTENTS 2147483645
  PCTINCREASE 0 FREELISTS 1 FREELIST GROUPS 1
  BUFFER_POOL DEFAULT FLASH_CACHE DEFAULT CELL_FLASH_CACHE DEFAULT)
  TABLESPACE "USERS"  ENABLE;
--------------------------------------------------------
--  Constraints for Table PAGO
--------------------------------------------------------

  ALTER TABLE "PAGO" ADD PRIMARY KEY ("PAGO_ID")
  USING INDEX PCTFREE 10 INITRANS 2 MAXTRANS 255 COMPUTE STATISTICS 
  STORAGE(INITIAL 65536 NEXT 1048576 MINEXTENTS 1 MAXEXTENTS 2147483645
  PCTINCREASE 0 FREELISTS 1 FREELIST GROUPS 1
  BUFFER_POOL DEFAULT FLASH_CACHE DEFAULT CELL_FLASH_CACHE DEFAULT)
  TABLESPACE "USERS"  ENABLE;
--------------------------------------------------------
--  Ref Constraints for Table ASISTENCIA
--------------------------------------------------------

  ALTER TABLE "ASISTENCIA" ADD CONSTRAINT "FK_ASIS_ESTUDIANTE" FOREIGN KEY ("ESTUDIANTE_ID")
	  REFERENCES "ESTUDIANTE" ("ESTUDIANTE_ID") ENABLE;
  ALTER TABLE "ASISTENCIA" ADD CONSTRAINT "FK_ASIS_MATERIA" FOREIGN KEY ("MATERIA_ID")
	  REFERENCES "MATERIA" ("MATERIA_ID") ENABLE;
--------------------------------------------------------
--  Ref Constraints for Table EVALUACION
--------------------------------------------------------

  ALTER TABLE "EVALUACION" ADD CONSTRAINT "FK_EVAL_MATERIA" FOREIGN KEY ("MATERIA_ID")
	  REFERENCES "MATERIA" ("MATERIA_ID") ENABLE;
--------------------------------------------------------
--  Ref Constraints for Table HORARIO
--------------------------------------------------------

  ALTER TABLE "HORARIO" ADD CONSTRAINT "FK_HORARIO_MATERIA" FOREIGN KEY ("MATERIA_ID")
	  REFERENCES "MATERIA" ("MATERIA_ID") ENABLE;
  ALTER TABLE "HORARIO" ADD CONSTRAINT "FK_HORARIO_AULA" FOREIGN KEY ("AULA_ID")
	  REFERENCES "AULA" ("AULA_ID") ENABLE;
--------------------------------------------------------
--  Ref Constraints for Table INSCRIPCION
--------------------------------------------------------

  ALTER TABLE "INSCRIPCION" ADD CONSTRAINT "FK_INSC_ESTUDIANTE" FOREIGN KEY ("ESTUDIANTE_ID")
	  REFERENCES "ESTUDIANTE" ("ESTUDIANTE_ID") ENABLE;
  ALTER TABLE "INSCRIPCION" ADD CONSTRAINT "FK_INSC_MATERIA" FOREIGN KEY ("MATERIA_ID")
	  REFERENCES "MATERIA" ("MATERIA_ID") ENABLE;
--------------------------------------------------------
--  Ref Constraints for Table MATERIA
--------------------------------------------------------

  ALTER TABLE "MATERIA" ADD CONSTRAINT "FK_MATERIA_DOCENTE" FOREIGN KEY ("DOCENTE_ID")
	  REFERENCES "DOCENTE" ("DOCENTE_ID") ENABLE;
--------------------------------------------------------
--  Ref Constraints for Table MATERIAL_DIDACTICO
--------------------------------------------------------

  ALTER TABLE "MATERIAL_DIDACTICO" ADD CONSTRAINT "FK_MATDID_MATERIA" FOREIGN KEY ("MATERIA_ID")
	  REFERENCES "MATERIA" ("MATERIA_ID") ENABLE;
--------------------------------------------------------
--  Ref Constraints for Table PAGO
--------------------------------------------------------

  ALTER TABLE "PAGO" ADD CONSTRAINT "FK_PAGO_ESTUDIANTE" FOREIGN KEY ("ESTUDIANTE_ID")
	  REFERENCES "ESTUDIANTE" ("ESTUDIANTE_ID") ENABLE;
